{"STEPLIMITONLYPOSITIVE": {"dd average run": "0.316902836", "recall": 5.555555555555555, "precision": 1.0, "f1": 1.694915254237288}, "STEPLIMITEQUALLYBALANCED": {"dd average run": "0.648011941", "recall": 5.555555555555555, "precision": 1.0, "f1": 1.694915254237288}, "ONLYPOSITIVE": {"dd average run": "0.665002478", "recall": 4.333333333333333, "precision": 0.78, "f1": 1.3220338983050848}}