{"STEPLIMITONLYPOSITIVE": {"dd average run": "0.912920609", "recall": 1.5614035087719298, "precision2": 0.631578947368421, "precision": 0.89, "f1": 1.1337579617834395}, "STEPLIMITEQUALLYBALANCED": {"dd average run": "1.902061136", "recall": 1.5614035087719298, "precision2": 0.68, "precision": 0.89, "f1": 1.1337579617834395}, "ONLYPOSITIVE": {"dd average run": "2.136186474", "recall": 1.543859649122807, "precision2": 0.45, "precision": 0.88, "f1": 1.1210191082802548}}