{"STEPLIMITEQUALLYBALANCED": {"H_ALL": {"LINEAR": {"1": {"f1": 1.0573248407643312, "recall": 1.456140350877193, "emdd average run": "2.54308545", "precision": 0.83, "precision2": 0.6756756756756757, "emdd loop": "62.8"}, "3": {"f1": 1.0955414012738853, "recall": 1.5087719298245614, "emdd average run": "0.91502923", "precision": 0.86, "precision2": 0.75, "emdd loop": "21.46"}, "2": {"f1": 1.0828025477707008, "recall": 1.4912280701754386, "emdd average run": "1.2960808", "precision": 0.85, "precision2": 0.6944444444444444, "emdd loop": "32.08"}, "4": {"f1": 1.0445859872611465, "recall": 1.4385964912280702, "emdd average run": "0.69673092", "precision": 0.82, "precision2": 0.6904761904761905, "emdd loop": "16.42"}}, "EXPONENTIAL": {"1": {"f1": 1.1719745222929936, "recall": 1.6140350877192982, "emdd average run": "1.08605037", "precision": 0.92, "precision2": 0.7692307692307693, "emdd loop": "43.22"}, "3": {"f1": 1.159235668789809, "recall": 1.5964912280701755, "emdd average run": "0.39506515", "precision": 0.91, "precision2": 0.76, "emdd loop": "15.19"}, "2": {"f1": 1.1719745222929936, "recall": 1.6140350877192982, "emdd average run": "0.56716317", "precision": 0.92, "precision2": 0.75, "emdd loop": "21.94"}, "4": {"f1": 1.1337579617834395, "recall": 1.5614035087719298, "emdd average run": "0.29615199", "precision": 0.89, "precision2": 0.6896551724137931, "emdd loop": "11.21"}}}, "H_SET": {"LINEAR": {"1": {"f1": 1.0445859872611465, "recall": 1.4385964912280702, "emdd average run": "0.63420363", "precision": 0.82, "precision2": 0.6190476190476191, "emdd loop": "58.45"}, "3": {"f1": 1.0063694267515924, "recall": 1.3859649122807018, "emdd average run": "0.2389239", "precision": 0.79, "precision2": 0.6578947368421053, "emdd loop": "19.87"}, "2": {"f1": 1.0445859872611465, "recall": 1.4385964912280702, "emdd average run": "0.35160998", "precision": 0.82, "precision2": 0.625, "emdd loop": "29.9"}, "4": {"f1": 1.0063694267515924, "recall": 1.3859649122807018, "emdd average run": "0.1926414", "precision": 0.79, "precision2": 0.5813953488372093, "emdd loop": "15.64"}}, "EXPONENTIAL": {"1": {"f1": 1.1719745222929936, "recall": 1.6140350877192982, "emdd average run": "0.51516838", "precision": 0.92, "precision2": 0.7857142857142857, "emdd loop": "42.12"}, "3": {"f1": 1.1464968152866242, "recall": 1.5789473684210527, "emdd average run": "0.1732408", "precision": 0.9, "precision2": 0.7333333333333333, "emdd loop": "14.73"}, "2": {"f1": 1.1719745222929936, "recall": 1.6140350877192982, "emdd average run": "0.25475605", "precision": 0.92, "precision2": 0.7692307692307693, "emdd loop": "21.42"}, "4": {"f1": 1.1210191082802548, "recall": 1.543859649122807, "emdd average run": "0.13416735", "precision": 0.88, "precision2": 0.6774193548387096, "emdd loop": "10.86"}}}}}